id	Titre	Auteur	Date	URL	text	source
0	('t2_oixu9gboh',)	('t2_oixu9gboh',)	('t2_oixu9gboh',)	('t2_oixu9gboh',)	('t2_oixu9gboh',)	"(""We Are Currently Living 2019's Optimistic Climate Trajectory, and It's Only Going to Get Better"",)"
1	('t2_j0fewolsf',)	('t2_j0fewolsf',)	('t2_j0fewolsf',)	('t2_j0fewolsf',)	('t2_j0fewolsf',)	('The planet has entered a ‘new reality’ as it hits its first climate tipping point, report finds | CNN',)
2	('t2_1ljqe4tfrb',)	('t2_1ljqe4tfrb',)	('t2_1ljqe4tfrb',)	('t2_1ljqe4tfrb',)	('t2_1ljqe4tfrb',)	('Does anyone else feel no one cares about climate change anymore?',)
3	('t2_ozbeawpj',)	('t2_ozbeawpj',)	('t2_ozbeawpj',)	('t2_ozbeawpj',)	('t2_ozbeawpj',)	('Why are people on the climate subreddits so doomerish?',)
4	('t2_4n2gtgp0',)	('t2_4n2gtgp0',)	('t2_4n2gtgp0',)	('t2_4n2gtgp0',)	('t2_4n2gtgp0',)	('Do you simply not care about climate change?',)
5	('t2_1ujrxell',)	('t2_1ujrxell',)	('t2_1ujrxell',)	('t2_1ujrxell',)	('t2_1ujrxell',)	('My favorite climate change fact that will blow liberal’s minds.',)
6	F	F	F	F	F	i
7	W	W	W	W	W	e
8	C	C	C	C	C	l
9	S	S	S	S	S	o
10	C	C	C	C	C	l
11	T	T	T	T	T	h
12	H	H	H	H	H	i
13	T	T	T	T	T	h
14	T	T	T	T	T	h
15	C	C	C	C	C	l
